,mean_fit_time,std_fit_time,mean_score_time,std_score_time,param_booster,param_n_estimators,params,split0_test_score,split1_test_score,split2_test_score,mean_test_score,std_test_score,rank_test_score
0,1786.0071545441945,8.886671825249136,1.6503893534342449,0.08331962772788987,gbtree,175,"{'booster': 'gbtree', 'n_estimators': 175}",0.7337324085532564,0.7345056336609442,0.7351963507115825,0.734478130975261,0.0005979682037371665,5
1,2029.0880667368572,4.085895247189907,1.7173312505086262,0.08656271308558257,gbtree,200,"{'booster': 'gbtree', 'n_estimators': 200}",0.7370564365268943,0.7366065646899689,0.7372253320478321,0.7369627777548985,0.0002611477678353811,3
2,2286.134183486303,14.418431024805566,2.0135318438212075,0.026692119940150128,gbtree,225,"{'booster': 'gbtree', 'n_estimators': 225}",0.7383515123607793,0.737685810081591,0.7385635963334436,0.7382003062586047,0.00037396491812871846,1
3,8603.524620056152,14.983763694163773,100.45797840754192,7.369195254336639,dart,175,"{'booster': 'dart', 'n_estimators': 175}",0.7337324085532564,0.7345056336609442,0.7351963507115825,0.734478130975261,0.0005979682037371665,5
4,11133.850725412369,15.92046565903074,103.44663016001384,18.378852702050782,dart,200,"{'booster': 'dart', 'n_estimators': 200}",0.7370564365268943,0.7366065646899689,0.7372253320478321,0.7369627777548985,0.0002611477678353811,3
5,10212.573035319647,3058.6744112684382,44.71138087908427,26.371626093200796,dart,225,"{'booster': 'dart', 'n_estimators': 225}",0.7383515123607793,0.737685810081591,0.7385635963334436,0.7382003062586047,0.00037396491812871846,1
